{
    "directed": true,
    "multigraph": false,
    "graph": {},
    "nodes": [
        {
            "type": "BRICK",
            "rotation": "DEG_180",
            "id": 21
        },
        {
            "type": "NONE",
            "rotation": "DEG_0",
            "id": 18
        },
        {
            "type": "BRICK",
            "rotation": "DEG_270",
            "id": 15
        },
        {
            "type": "BRICK",
            "rotation": "DEG_180",
            "id": 14
        },
        {
            "type": "NONE",
            "rotation": "DEG_0",
            "id": 17
        },
        {
            "type": "CORE",
            "rotation": "DEG_0",
            "id": 0
        },
        {
            "type": "HINGE",
            "rotation": "DEG_225",
            "id": 23
        },
        {
            "type": "BRICK",
            "rotation": "DEG_135",
            "id": 29
        },
        {
            "type": "NONE",
            "rotation": "DEG_0",
            "id": 26
        },
        {
            "type": "HINGE",
            "rotation": "DEG_225",
            "id": 16
        },
        {
            "type": "HINGE",
            "rotation": "DEG_225",
            "id": 12
        },
        {
            "type": "HINGE",
            "rotation": "DEG_315",
            "id": 11
        },
        {
            "type": "HINGE",
            "rotation": "DEG_45",
            "id": 8
        },
        {
            "type": "HINGE",
            "rotation": "DEG_225",
            "id": 1
        },
        {
            "type": "BRICK",
            "rotation": "DEG_225",
            "id": 22
        },
        {
            "type": "BRICK",
            "rotation": "DEG_135",
            "id": 3
        },
        {
            "type": "BRICK",
            "rotation": "DEG_90",
            "id": 20
        },
        {
            "type": "BRICK",
            "rotation": "DEG_270",
            "id": 7
        },
        {
            "type": "HINGE",
            "rotation": "DEG_0",
            "id": 5
        },
        {
            "type": "NONE",
            "rotation": "DEG_0",
            "id": 10
        },
        {
            "type": "NONE",
            "rotation": "DEG_0",
            "id": 27
        },
        {
            "type": "HINGE",
            "rotation": "DEG_0",
            "id": 4
        },
        {
            "type": "HINGE",
            "rotation": "DEG_225",
            "id": 24
        },
        {
            "type": "BRICK",
            "rotation": "DEG_45",
            "id": 25
        },
        {
            "type": "NONE",
            "rotation": "DEG_0",
            "id": 9
        },
        {
            "type": "HINGE",
            "rotation": "DEG_45",
            "id": 6
        },
        {
            "type": "BRICK",
            "rotation": "DEG_135",
            "id": 2
        },
        {
            "type": "NONE",
            "rotation": "DEG_0",
            "id": 13
        },
        {
            "type": "BRICK",
            "rotation": "DEG_135",
            "id": 19
        },
        {
            "type": "HINGE",
            "rotation": "DEG_45",
            "id": 28
        }
    ],
    "edges": [
        {
            "face": "BOTTOM",
            "source": 21,
            "target": 18
        },
        {
            "face": "TOP",
            "source": 21,
            "target": 15
        },
        {
            "face": "RIGHT",
            "source": 21,
            "target": 14
        },
        {
            "face": "FRONT",
            "source": 21,
            "target": 17
        },
        {
            "face": "FRONT",
            "source": 15,
            "target": 16
        },
        {
            "face": "TOP",
            "source": 15,
            "target": 12
        },
        {
            "face": "TOP",
            "source": 14,
            "target": 11
        },
        {
            "face": "FRONT",
            "source": 14,
            "target": 8
        },
        {
            "face": "LEFT",
            "source": 14,
            "target": 1
        },
        {
            "face": "RIGHT",
            "source": 0,
            "target": 21
        },
        {
            "face": "BOTTOM",
            "source": 0,
            "target": 23
        },
        {
            "face": "TOP",
            "source": 0,
            "target": 29
        },
        {
            "face": "FRONT",
            "source": 0,
            "target": 26
        },
        {
            "face": "FRONT",
            "source": 23,
            "target": 3
        },
        {
            "face": "BOTTOM",
            "source": 29,
            "target": 27
        },
        {
            "face": "RIGHT",
            "source": 29,
            "target": 4
        },
        {
            "face": "FRONT",
            "source": 29,
            "target": 24
        },
        {
            "face": "FRONT",
            "source": 12,
            "target": 20
        },
        {
            "face": "FRONT",
            "source": 11,
            "target": 22
        },
        {
            "face": "FRONT",
            "source": 1,
            "target": 5
        },
        {
            "face": "BOTTOM",
            "source": 22,
            "target": 19
        },
        {
            "face": "TOP",
            "source": 22,
            "target": 28
        },
        {
            "face": "FRONT",
            "source": 3,
            "target": 2
        },
        {
            "face": "RIGHT",
            "source": 20,
            "target": 7
        },
        {
            "face": "LEFT",
            "source": 7,
            "target": 10
        },
        {
            "face": "FRONT",
            "source": 4,
            "target": 25
        },
        {
            "face": "TOP",
            "source": 25,
            "target": 9
        },
        {
            "face": "FRONT",
            "source": 25,
            "target": 6
        },
        {
            "face": "RIGHT",
            "source": 2,
            "target": 13
        }
    ]
}